<?xml version="1.0" encoding="UTF-8" standalone="no"?>
<catalog prefer="public" xmlns="urn:oasis:names:tc:entity:xmlns:xml:catalog">
    <group id="Folder Repository, directory=, recursive=true, Auto-Update=true, version=2" prefer="public" xml:base="">
        <uri id="Automatically generated entry, Timestamp=1502138600461" name="http://kt.ijs.si/panovp/OntoDT" uri="OntoDT.owl"/>
        <uri id="Automatically generated entry, Timestamp=1502138600461" name="http://purl.obolibrary.org/obo/MFOEM" uri="MFOEM.owl"/>
        <uri id="Automatically generated entry, Timestamp=1502138600461" name="http://purl.obolibrary.org/obo/MFOEM.owl" uri="mfoem_import1.owl"/>
        <uri id="Automatically generated entry, Timestamp=1502138600461" name="duplicate:http://purl.obolibrary.org/obo/bfo.owl" uri="ro_core.owl"/>
        <uri id="Automatically generated entry, Timestamp=1502138600461" name="duplicate:http://purl.obolibrary.org/obo/bfo.owl" uri="core.owl"/>
        <uri id="Automatically generated entry, Timestamp=1502138600461" name="duplicate:http://purl.obolibrary.org/obo/bfo.owl" uri="bfo.owl"/>
        <uri id="Automatically generated entry, Timestamp=1502138600461" name="duplicate:http://purl.obolibrary.org/obo/bfo.owl" uri="bfo-classes-minimal.owl"/>
        <uri id="Automatically generated entry, Timestamp=1502138600461" name="http://purl.obolibrary.org/obo/dideo.owl" uri="dideo.owl"/>
        <uri id="Automatically generated entry, Timestamp=1502138600461" name="http://purl.obolibrary.org/obo/iao.owl" uri="iao-merged.owl"/>
        <uri id="Automatically generated entry, Timestamp=1502138600461" name="http://purl.obolibrary.org/obo/omrse.owl" uri="omrse.owl"/>
        <uri id="Automatically generated entry, Timestamp=1502138600461" name="http://purl.obolibrary.org/obo/ro.owl" uri="ro.owl"/>
        <uri id="Automatically generated entry, Timestamp=1502138600461" name="http://purl.obolibrary.org/obo/ro/rohom.owl" uri="rohom.owl"/>
        <uri id="Automatically generated entry, Timestamp=1502138600461" name="http://purl.obolibrary.org/obo/your_ontology/external/IAO_import1.owl" uri="iao_import1.owl"/>
        <uri id="Automatically generated entry, Timestamp=1502138600461" name="http://purl.obolibrary.org/obo/your_ontology/external/MFO_import1.owl" uri="mfo_import1.owl"/>
        <uri id="Automatically generated entry, Timestamp=1502138600461" name="http://www.ontodm.com/OntoDM-core/" uri="OntoDM.owl"/>
        <uri id="Automatically generated entry, Timestamp=1502138600461" name="http://www.semanticweb.org/john/ontologies/2017/6/fio" uri="root-ontology.owl"/>
    </group>
</catalog>
